stn_no,lat,long,Ave_NDVI,Rainfal
1,-5.447823,142.132202,0.891306,3893.864258
2,-5.364489,142.215535,0.871711,3961.105957
3,-5.447823,142.215535,0.859606,3899.93042
4,-5.531156,142.215535,0.888914,3893.388672
5,-5.614489,142.298868,0.843311,3930.189941
6,-5.531156,142.298868,0.8231,3871.42041
7,-5.447823,142.298868,0.835906,3878.569824
8,-5.364489,142.298868,0.82912,3944.409424
9,-5.114489,142.298868,0.853269,3922.830566
10,-5.031156,142.382202,0.838154,3783.414063
11,-5.114489,142.382202,0.841854,3848.551025
12,-5.197823,142.382202,0.882429,3901.227051
13,-5.281156,142.382202,0.836254,3906.210938
14,-5.364489,142.382202,0.853134,3859.019775
15,-5.447823,142.382202,0.839171,3823.42627
16,-5.531156,142.382202,0.799103,3817.796631
17,-5.614489,142.382202,0.83956,3856.193359
18,-5.697823,142.382202,0.838597,3906.566895
19,-5.781156,142.465535,0.839229,3778.011475
20,-5.697823,142.465535,0.824351,3774.930176
21,-5.614489,142.465535,0.829183,3757.503174
22,-5.531156,142.465535,0.799903,3743.451416
23,-5.447823,142.465535,0.847571,3731.376709
24,-5.364489,142.465535,0.821669,3752.680176
25,-5.281156,142.465535,0.868146,3771.912598
26,-5.197823,142.465535,0.849511,3770.073975
27,-5.114489,142.465535,0.873611,3745.851074
28,-5.031156,142.465535,0.884057,3710.220703
29,-5.031156,142.548868,0.879871,3630.972412
30,-5.114489,142.548868,0.874691,3661.417725
31,-5.197823,142.548868,0.881971,3668.809814
32,-5.281156,142.548868,0.87354,3669.573242
33,-5.364489,142.548868,0.854371,3665.591553
34,-5.447823,142.548868,0.835637,3658.618408
35,-5.531156,142.548868,0.838563,3654.604736
36,-5.614489,142.548868,0.851923,3672.49585
37,-5.697823,142.548868,0.81518,3672.49707
38,-5.781156,142.548868,0.758751,3673.379395
39,-5.864489,142.548868,0.807783,3669.76001
40,-6.781156,142.632202,0.872506,4026.739258
41,-6.697823,142.632202,0.88304,4008.902832
42,-6.614489,142.632202,0.874617,3936.16626
43,-6.531156,142.632202,0.888263,3839.21582
44,-6.447823,142.632202,0.8724,3757.144775
45,-6.364489,142.632202,0.883771,3720.447266
46,-6.281156,142.632202,0.860603,3703.140137
47,-6.197823,142.632202,0.870263,3678.480957
48,-6.114489,142.632202,0.869731,3653.780273
49,-6.031156,142.632202,0.8834,3630.024414
50,-5.947823,142.632202,0.8729,3619.568115
51,-5.864489,142.632202,0.806077,3618.416748
52,-5.781156,142.632202,0.845886,3619.165283
53,-5.697823,142.632202,0.81706,3617.663086
54,-5.614489,142.632202,0.80308,3601.828369
55,-5.531156,142.632202,0.842303,3599.799072
56,-5.447823,142.632202,0.858537,3605.563721
57,-5.364489,142.632202,0.88302,3616.599365
58,-5.281156,142.632202,0.8908,3624.373291
59,-5.197823,142.632202,0.897086,3623.770996
60,-5.114489,142.632202,0.871429,3605.826172
61,-5.031156,142.632202,0.897691,3587.381836
62,-5.031156,142.715535,0.879671,3556.359863
63,-5.114489,142.715535,0.878274,3590.704834
64,-5.197823,142.715535,0.87936,3622.835938
65,-5.281156,142.715535,0.885314,3628.44751
66,-5.364489,142.715535,0.900637,3600.828369
67,-5.447823,142.715535,0.879986,3569.769531
68,-5.531156,142.715535,0.87178,3560.177246
69,-5.614489,142.715535,0.824066,3576.859619
70,-5.697823,142.715535,0.847569,3606.057129
71,-5.781156,142.715535,0.853089,3613.862793
72,-5.864489,142.715535,0.857903,3597.267334
73,-5.947823,142.715535,0.86424,3587.837891
74,-6.031156,142.715535,0.851257,3604.847168
75,-6.114489,142.715535,0.869514,3649.682373
76,-6.197823,142.715535,0.866246,3694.382813
77,-6.281156,142.715535,0.871849,3705.116211
78,-6.364489,142.715535,0.864043,3705.218994
79,-6.447823,142.715535,0.861629,3749.564209
80,-6.531156,142.715535,0.8622,3849.431885
81,-6.614489,142.715535,0.90244,3972.718994
82,-6.697823,142.715535,0.907083,4062.479248
83,-6.781156,142.715535,0.864423,4074.255615
84,-5.114489,142.798868,0.885343,3564.367188
85,-5.197823,142.798868,0.879403,3610.677246
86,-5.281156,142.798868,0.891506,3617.036377
87,-5.364489,142.798868,0.841671,3575.040283
88,-5.447823,142.798868,0.878754,3528.031738
89,-5.531156,142.798868,0.85686,3515.099609
90,-5.614489,142.798868,0.851457,3542.992188
91,-5.697823,142.798868,0.880443,3590.894531
92,-5.781156,142.798868,0.883171,3603.827393
93,-5.864489,142.798868,0.873169,3570.833252
94,-5.947823,142.798868,0.862374,3548.668945
95,-6.031156,142.798868,0.836063,3566.268066
96,-6.114489,142.798868,0.84146,3622.621582
97,-6.197823,142.798868,0.894797,3682.580811
98,-6.281156,142.798868,0.888789,3695.457764
99,-6.364489,142.798868,0.894626,3685.982178
100,-6.447823,142.798868,0.872317,3725.538574
101,-6.531156,142.798868,0.867957,3829.452393
102,-6.614489,142.798868,0.883594,3959.229492
103,-6.697823,142.798868,0.916029,4055.495361
104,-6.781156,142.798868,0.888723,4069.155762
105,-6.781156,142.882202,0.902471,4027.067871
106,-6.697823,142.882202,0.849449,4002.00415
107,-6.614489,142.882202,0.819577,3923.253174
108,-6.531156,142.882202,0.866723,3801.335938
109,-6.447823,142.882202,0.862886,3697.327881
110,-6.364489,142.882202,0.890589,3643.58667
111,-6.281156,142.882202,0.900374,3630.132568
112,-6.197823,142.882202,0.870886,3604.65332
113,-6.114489,142.882202,0.8068,3547.505371
114,-6.031156,142.882202,0.836114,3499.575928
115,-5.947823,142.882202,0.861923,3482.820557
116,-5.864489,142.882202,0.858046,3498.56958
117,-5.781156,142.882202,0.859591,3504.425049
118,-5.697823,142.882202,0.854934,3499.119385
119,-5.614489,142.882202,0.823351,3465.210205
120,-5.531156,142.882202,0.839206,3446.886963
121,-5.447823,142.882202,0.827991,3461.369141
122,-5.364489,142.882202,0.803751,3492.056396
123,-5.281156,142.882202,0.862469,3532.540771
124,-5.197823,142.882202,0.884517,3531.438477
125,-5.114489,142.882202,0.879486,3498.131592
126,-5.114489,142.965535,0.8663,3394.226074
127,-5.20264,142.965535,0.873614,3402.299072
128,-5.281156,142.965535,0.878377,3397.982422
129,-5.364489,142.965535,0.893843,3377.578857
130,-5.447823,142.965535,0.867606,3351.726807
131,-5.531156,142.965535,0.80772,3349.311035
132,-5.614489,142.965535,0.845351,3342.726807
133,-5.697823,142.965535,0.851334,3344.947021
134,-5.781156,142.965535,0.834014,3343.993896
135,-5.864489,142.965535,0.820003,3374.205078
136,-5.947823,142.965535,0.864209,3381.103516
137,-6.031156,142.965535,0.894457,3399.190186
138,-6.114489,142.965535,0.89032,3432.676514
139,-6.197823,142.965535,0.857717,3465.761719
140,-6.281156,142.965535,0.880646,3501.840088
141,-6.364489,142.965535,0.910937,3555.478271
142,-6.447823,142.965535,0.877891,3646.767334
143,-6.531156,142.965535,0.893709,3783.399902
144,-6.614489,142.965535,0.85314,3903.960205
145,-6.697823,142.965535,0.86192,3991.355469
146,-6.781156,142.965535,0.874937,4031.411133
147,-6.781156,143.048868,0.876549,4141.563477
148,-6.697823,143.048868,0.876383,4088.05249
149,-6.614489,143.048868,0.863729,3953.896729
150,-6.531156,143.048868,0.893169,3774.529297
151,-6.447823,143.048868,0.881463,3575.540283
152,-6.364489,143.048868,0.897686,3421.317627
153,-6.281156,143.048868,0.877029,3319.194336
154,-6.197823,143.048868,0.881351,3286.06958
155,-6.114489,143.048868,0.877083,3291.263184
156,-6.031156,143.048868,0.860551,3289.713135
157,-5.947823,143.048868,0.818089,3237.619629
158,-5.864489,143.048868,0.843429,3197.79248
159,-5.781156,143.048868,0.868077,3167.089355
160,-5.697823,143.048868,0.833057,3173.319824
161,-5.614489,143.048868,0.833911,3208.775146
162,-5.531156,143.048868,0.719054,3215.15332
163,-5.447823,143.048868,0.763914,3251.839111
164,-5.364489,143.048868,0.843463,3264.088135
165,-5.281156,143.048868,0.887086,3266.265137
166,-5.197823,143.052469,0.872903,3266.501221
167,-5.114489,143.048868,0.8482,3287.570068
168,-5.197823,143.132202,0.86776,3176.773926
169,-5.281156,143.132202,0.879871,3168.935303
170,-5.364489,143.132202,0.859034,3178.392578
171,-5.447823,143.132202,0.7444,3170.021729
172,-5.531156,143.132202,0.746797,3117.072754
173,-5.614489,143.132202,0.737763,3040.633789
174,-5.697823,143.132202,0.726437,2985.388184
175,-5.781156,143.132202,0.817271,2971.572266
176,-5.864489,143.132202,0.849254,3044.846436
177,-5.947823,143.132202,0.810463,3125.021973
178,-6.031156,143.132202,0.861726,3183.490479
179,-6.114489,143.132202,0.861234,3145.449219
180,-6.197823,143.132202,0.874546,3072.643066
181,-6.281156,143.132202,0.882277,3081.424561
182,-6.364489,143.132202,0.864329,3244.466797
183,-6.447823,143.132202,0.908523,3505.049805
184,-6.531156,143.132202,0.903686,3792.763428
185,-6.614489,143.132202,0.861531,4076.081299
186,-6.697823,143.132202,0.869663,4295.37207
187,-6.781156,143.132202,0.820503,4350.472168
188,-6.781156,143.215535,0.859783,4532.43457
189,-6.697823,143.215535,0.867814,4489.331543
190,-6.614489,143.215535,0.904286,4190.990723
191,-6.531156,143.215535,0.894731,3813.341309
192,-6.447823,143.215535,0.903797,3442.625732
193,-6.364489,143.215535,0.8808,3101.945801
194,-6.281156,143.215535,0.865494,2885.793457
195,-6.197823,143.215535,0.883131,2906.838623
196,-6.114489,143.215535,0.85686,3031.9104
197,-6.031156,143.215535,0.830509,3091.969238
198,-5.947823,143.215535,0.800029,3053.480957
199,-5.864489,143.215535,0.794997,2942.084961
200,-5.781156,143.215535,0.742303,2835.42627
201,-5.697823,143.215535,0.704891,2852.131348
202,-5.614489,143.215535,0.730543,2951.669922
203,-5.531156,143.215535,0.73912,3049.99292
204,-5.447823,143.215535,0.840337,3118.796631
205,-5.364489,143.215535,0.844666,3136.895508
206,-5.281156,143.215535,0.880634,3130.00415
207,-5.197823,143.215535,0.858997,3134.390625
208,-5.114489,143.215535,0.7791,3145.612549
209,-5.197823,143.298868,0.829686,3121.379639
210,-5.281156,143.298868,0.850474,3120.973145
211,-5.364489,143.298868,0.834374,3101.008057
212,-5.447823,143.298868,0.804529,3055.279785
213,-5.531156,143.298868,0.889429,2992.611328
214,-5.614489,143.298868,0.80962,2915.089355
215,-5.697823,143.298868,0.805857,2845.275635
216,-5.781156,143.298868,0.732154,2839.536865
217,-5.864489,143.298868,0.845609,2911.648438
218,-5.947823,143.298868,0.733183,2994.711182
219,-6.031156,143.298868,0.834457,3066.681641
220,-6.114489,143.298868,0.801263,3020.651611
221,-6.197823,143.298868,0.867757,2915.769043
222,-6.281156,143.298868,0.844689,2904.213135
223,-6.364489,143.298868,0.857134,3108.678467
224,-6.447823,143.298868,0.89064,3415.241943
225,-6.531156,143.298868,0.88002,3778.599121
226,-6.614489,143.298868,0.88856,4157.30127
227,-6.697823,143.298868,0.889754,4460.212402
228,-6.781156,143.298868,0.849794,4507.714355
229,-6.781156,143.382202,0.856817,4291.91748
230,-6.697823,143.382202,0.894989,4230.321777
231,-6.614489,143.382202,0.866111,4010.859375
232,-6.531156,143.382202,0.866074,3728.899658
233,-6.447823,143.382202,0.873369,3448.365479
234,-6.364489,143.382202,0.853829,3215.83252
235,-6.281156,143.382202,0.826429,3068.715576
236,-6.197823,143.382202,0.801006,3033.674316
237,-6.114489,143.382202,0.824049,3068.372803
238,-6.031156,143.382202,0.820151,3026.926758
239,-5.947823,143.382202,0.735349,2984.969971
240,-5.864489,143.382202,0.75538,2919.587646
241,-5.781156,143.382202,0.750211,2885.942139
242,-5.697823,143.382202,0.895,2871.248779
243,-5.614489,143.382202,0.77342,2905.13501
244,-5.531156,143.382202,0.803954,2954.653076
245,-5.447823,143.382202,0.826326,3004.264893
246,-5.364489,143.382202,0.830374,3052.012939
247,-5.281156,143.382202,0.86662,3085.156006
248,-5.197823,143.382202,0.836377,3091.871338
249,-5.197823,143.465535,0.859611,3036.226563
250,-5.281156,143.465535,0.850643,3019.137939
251,-5.364489,143.465535,0.830749,2994.552734
252,-5.447823,143.465535,0.79524,2956.096191
253,-5.531156,143.465535,0.789114,2914.797852
254,-5.614489,143.465535,0.75142,2873.767822
255,-5.697823,143.465535,0.727314,2848.651855
256,-5.781156,143.465535,0.71068,2845.188965
257,-5.864489,143.465535,0.724774,2916.965088
258,-5.947823,143.465535,0.779517,2972.876953
259,-6.031156,143.465535,0.823429,3028.891357
260,-6.114489,143.465535,0.842377,3070.928955
261,-6.197823,143.465535,0.846454,3142.846924
262,-6.281156,143.465535,0.855177,3197.930664
263,-6.364489,143.465535,0.866549,3308.730469
264,-6.447823,143.465535,0.87488,3475.755615
265,-6.531156,143.465535,0.895029,3681.514893
266,-6.614489,143.465535,0.85608,3877.749512
267,-6.697823,143.465535,0.88852,4023.450195
268,-6.781156,143.465535,0.864483,4099.568848
269,-6.781156,143.548868,0.877731,4015.480957
270,-6.697823,143.548868,0.905409,3961.503418
271,-6.614489,143.548868,0.915989,3838.13208
272,-6.531156,143.548868,0.885737,3663.363037
273,-6.447823,143.548868,0.895711,3478.247803
274,-6.364489,143.548868,0.785786,3330.958496
275,-6.281156,143.548868,0.821189,3234.87793
276,-6.197823,143.548868,0.840011,3155.821777
277,-6.114489,143.548868,0.838731,3089.266602
278,-6.031156,143.548868,0.826831,3020.902832
279,-5.947823,143.548868,0.825,2936.343018
280,-5.864489,143.548868,0.718686,2812.624512
281,-5.781156,143.548868,0.812291,2754.681152
282,-5.697823,143.548868,0.796814,2759.033936
283,-5.614489,143.548868,0.789717,2802.719482
284,-5.531156,143.548868,0.78744,2853.562744
285,-5.447823,143.548868,0.738731,2905.645996
286,-5.364489,143.548868,0.789857,2940.654785
287,-5.281156,143.548868,0.834343,2958.883057
288,-5.197823,143.548868,0.849426,2968.685303
289,-5.114489,143.548868,0.84674,2983.027588
290,-5.114489,143.632202,0.809866,2959.426514
291,-5.197823,143.632202,0.813317,2929.742432
292,-5.281156,143.632202,0.800003,2920.151367
293,-5.364489,143.632202,0.738457,2910.105225
294,-5.447823,143.632202,0.796534,2871.003906
295,-5.531156,143.632202,0.798763,2799.001221
296,-5.614489,143.632202,0.771894,2698.826416
297,-5.697823,143.632202,0.726391,2612.888184
298,-5.781156,143.632202,0.808726,2608.727295
299,-5.864489,143.632202,0.701297,2704.446045
300,-5.947823,143.632202,0.851714,2862.241943
301,-6.031156,143.632202,0.818166,3007.063232
302,-6.114489,143.632202,0.79912,3102.955566
303,-6.197823,143.632202,0.835129,3154.663574
304,-6.281156,143.632202,0.831503,3200.172607
305,-6.364489,143.632202,0.846857,3294.532227
306,-6.447823,143.632202,0.863831,3460.166016
307,-6.531156,143.632202,0.862146,3671.733398
308,-6.614489,143.632202,0.903829,3885.739502
309,-6.697823,143.632202,0.894983,4043.978516
310,-6.781156,143.632202,0.873943,4086.469482
311,-6.781156,143.715535,0.891274,4193.258301
312,-6.697823,143.715535,0.874663,4163.155273
313,-6.614489,143.715535,0.872743,3954.570557
314,-6.531156,143.715535,0.815934,3687.609375
315,-6.447823,143.715535,0.856311,3426.347168
316,-6.364489,143.715535,0.865011,3238.42749
317,-6.281156,143.715535,0.832657,3142.149902
318,-6.197823,143.715535,0.832874,3137.30957
319,-6.114489,143.715535,0.863883,3110.107422
320,-6.031156,143.715535,0.818303,2990.234619
321,-5.947823,143.715535,0.81502,2823.875488
322,-5.864489,143.715535,0.728734,2619.217773
323,-5.781156,143.715535,0.800054,2463.14502
324,-5.697823,143.715535,0.85036,2483.313721
325,-5.614489,143.715535,0.8023,2623.333252
326,-5.531156,143.715535,0.841026,2760.429688
327,-5.447823,143.715535,0.776929,2852.276123
328,-5.364489,143.715535,0.796429,2900.289795
329,-5.281156,143.715535,0.874063,2910.203613
330,-5.197823,143.715535,0.866423,2915.75293
331,-5.114489,143.715535,0.874737,2940.013916
332,-5.114489,143.798868,0.91372,2924.119385
333,-5.197823,143.798868,0.90052,2910.844482
334,-5.281156,143.798868,0.845549,2906.905762
335,-5.364489,143.798868,0.840289,2876.287598
336,-5.447823,143.798868,0.8195,2811.105225
337,-5.531156,143.798868,0.797006,2718.055908
338,-5.614489,143.798868,0.804077,2598.85498
339,-5.697823,143.798868,0.804591,2489.015869
340,-5.781156,143.798868,0.73296,2475.612061
341,-5.864489,143.798868,0.842629,2601.999023
342,-5.947823,143.798868,0.820277,2781.10376
343,-6.031156,143.798868,0.732351,2993.057373
344,-6.114489,143.798868,0.857491,3098.845459
345,-6.197823,143.798868,0.8761,3137.035889
346,-6.281156,143.798868,0.851174,3148.199707
347,-6.364489,143.798868,0.839811,3239.509277
348,-6.447823,143.798868,0.859309,3415.718994
349,-6.531156,143.798868,0.870114,3659.789551
350,-6.614489,143.798868,0.847926,3924.303223
351,-6.697823,143.798868,0.879371,4140.094238
352,-6.781156,143.798868,0.89088,4174.176758
353,-6.781156,143.882202,0.879166,4011.93335
354,-6.697823,143.882202,0.877497,3968.29541
355,-6.614489,143.882202,0.885123,3812.599854
356,-6.531156,143.882202,0.874543,3619.144531
357,-6.447823,143.882202,0.830506,3406.104736
358,-6.364489,143.882202,0.824771,3271.230713
359,-6.281156,143.882202,0.824429,3191.544434
360,-6.197823,143.882202,0.857946,3144.640137
361,-6.114489,143.882202,0.847323,3100.153809
362,-6.031156,143.882202,0.600657,2938.558105
363,-5.947823,143.882202,0.829603,2803.575684
364,-5.864489,143.882202,0.834226,2660.677734
365,-5.781156,143.882202,0.85182,2583.060547
366,-5.697823,143.882202,0.798217,2580.108887
367,-5.614489,143.882202,0.748783,2644.623047
368,-5.531156,143.882202,0.814149,2727.554443
369,-5.447823,143.882202,0.827583,2801.816406
370,-5.364489,143.882202,0.829157,2869.326416
371,-5.281156,143.882202,0.824266,2897.351563
372,-5.197823,143.882202,0.899257,2911.132813
373,-5.114489,143.882202,0.84334,2931.861816
374,-5.031156,143.882202,0.8826,2954.886963
375,-5.031156,143.965535,0.852589,2974.215088
376,-5.114489,143.965535,0.815983,2930.550293
377,-5.197823,143.965535,0.836249,2917.701172
378,-5.281156,143.965535,0.862311,2893.827393
379,-5.364489,143.965535,0.837471,2861.235596
380,-5.447823,143.965535,0.800803,2810.830566
381,-5.531156,143.965535,0.8984,2733.878418
382,-5.614489,143.965535,0.825309,2674.674316
383,-5.697823,143.965535,0.8406,2628.419434
384,-5.781156,143.965535,0.843849,2633.10083
385,-5.864489,143.965535,0.738103,2723.930176
386,-5.947823,143.965535,0.721734,2829.534424
387,-6.031156,143.965535,0.637786,2949.935303
388,-6.114489,143.965535,0.823766,3059.432861
389,-6.197823,143.965535,0.720794,3185.394287
390,-6.281156,143.965535,0.730857,3245.536621
391,-6.364489,143.965535,0.867814,3316.933105
392,-6.447823,143.965535,0.821137,3415.644287
393,-6.531156,143.965535,0.817446,3542.998047
394,-6.614489,143.965535,0.837974,3672.290039
395,-6.697823,143.965535,0.875691,3798.671143
396,-6.781156,143.965535,0.830486,3839.624023
397,-6.781156,144.048868,0.855429,3722.229736
398,-6.697823,144.048868,0.83294,3690.476807
399,-6.614489,144.048868,0.853029,3619.91748
400,-6.531156,144.048868,0.852991,3520.048584
401,-6.447823,144.048868,0.781206,3422.958252
402,-6.364489,144.048868,0.850897,3354.90625
403,-6.281156,144.048868,0.859394,3307.356934
404,-6.197823,144.048868,0.741894,3215.907227
405,-6.114489,144.048868,0.795794,3103.521729
406,-6.031156,144.048868,0.814417,2967.798584
407,-5.947823,144.048868,0.762477,2826.959961
408,-5.864489,144.048868,0.777771,2683.142822
409,-5.781156,144.048868,0.741766,2607.150635
410,-5.697823,144.048868,0.756434,2611.845947
411,-5.614489,144.048868,0.857671,2655.691895
412,-5.531156,144.048868,0.83816,2723.353271
413,-5.447823,144.048868,0.833749,2810.280029
414,-5.364489,144.048868,0.8787,2865.88916
415,-5.281156,144.048868,0.86068,2901.672119
416,-5.197823,144.048868,0.876486,2927.714111
417,-5.114489,144.048868,0.8553,2950.969482
418,-5.031156,144.048868,0.894657,2993.0271
419,-4.947823,144.132202,0.830503,3096.459961
420,-5.031156,144.132202,0.881137,3013.351563
421,-5.114489,144.132202,0.869317,2956.842529
422,-5.197823,144.132202,0.862943,2936.053711
423,-5.281156,144.132202,0.859,2916.588379
424,-5.364489,144.132202,0.88276,2881.710693
425,-5.447823,144.132202,0.858237,2813.19751
426,-5.531156,144.132202,0.845786,2701.313965
427,-5.614489,144.132202,0.803394,2595.935303
428,-5.697823,144.132202,0.765551,2510.337158
429,-5.781156,144.132202,0.742374,2506.413086
430,-5.864489,144.132202,0.778606,2606.297852
431,-5.947823,144.132202,0.866743,2803.599854
432,-6.031156,144.132202,0.838906,2988.499268
433,-6.114489,144.132202,0.842629,3192.592285
434,-6.197823,144.132202,0.827223,3328.165771
435,-6.281156,144.132202,0.856343,3390.582764
436,-6.364489,144.132202,0.805097,3392.682373
437,-6.447823,144.132202,0.79368,3430.210205
438,-6.531156,144.132202,0.861829,3515.625732
439,-6.614489,144.132202,0.855571,3626.47168
440,-6.697823,144.132202,0.83184,3715.331787
441,-6.781156,144.132202,0.794823,3739.387695
442,-6.781156,144.215535,0.895494,3800.862305
443,-6.697823,144.215535,0.83908,3782.195801
444,-6.614489,144.215535,0.844291,3655.933105
445,-6.531156,144.215535,0.873031,3514.804443
446,-6.447823,144.215535,0.849286,3414.478027
447,-6.364489,144.215535,0.813389,3412.677979
448,-6.281156,144.215535,0.848794,3467.528809
449,-6.197823,144.215535,0.883629,3437.084961
450,-6.114489,144.215535,0.89848,3259.191406
451,-6.031156,144.215535,0.869631,3022.869141
452,-5.947823,144.215535,0.830211,2779.200684
453,-5.864489,144.215535,0.748174,2535.549072
454,-5.781156,144.215535,0.741034,2380.987549
455,-5.697823,144.215535,0.743289,2397.63208
456,-5.614489,144.215535,0.78824,2541.078369
457,-5.531156,144.215535,0.793774,2692.309082
458,-5.447823,144.215535,0.880726,2817.822266
459,-5.364489,144.215535,0.850191,2898.553223
460,-5.281156,144.215535,0.879203,2929.001953
461,-5.197823,144.215535,0.871231,2933.978271
462,-5.114489,144.215535,0.899234,2961.282959
463,-5.031156,144.215535,0.887277,3030.244141
464,-4.947823,144.215535,0.871257,3126.787109
465,-4.864489,144.215535,0.878609,3233.594971
466,-4.864489,144.298868,0.866277,3234.4729
467,-4.947823,144.298868,0.881737,3136.998047
468,-5.031156,144.298868,0.865946,3044.049805
469,-5.114489,144.298868,0.912531,2971.557617
470,-5.197823,144.298868,0.87582,2935.755127
471,-5.281156,144.298868,0.860143,2928.987793
472,-5.364489,144.298868,0.87182,2896.769531
473,-5.447823,144.298868,0.879834,2824.924805
474,-5.531156,144.298868,0.859663,2688.397949
475,-5.614489,144.298868,0.8038,2541.764648
476,-5.697823,144.298868,0.770603,2411.813721
477,-5.781156,144.298868,0.762646,2394.523193
478,-5.864489,144.298868,0.815343,2529.454834
479,-5.947823,144.298868,0.853603,2740.353027
480,-6.031156,144.298868,0.910026,3008.504883
481,-6.114489,144.298868,0.924057,3232.459717
482,-6.197823,144.298868,0.882654,3419.194824
483,-6.281156,144.298868,0.889874,3451.334717
484,-6.364489,144.298868,0.867746,3376.111816
485,-6.447823,144.298868,0.877594,3357.482422
486,-6.531156,144.298868,0.8842,3469.40332
487,-6.614489,144.298868,0.875546,3619.074463
488,-6.697823,144.298868,0.892183,3761.557129
489,-6.697823,144.382202,0.855623,3622.535889
490,-6.614489,144.382202,0.901686,3515.511719
491,-6.531156,144.382202,0.883211,3398.86499
492,-6.447823,144.382202,0.893943,3289.446777
493,-6.364489,144.382202,0.891314,3278.729004
494,-6.281156,144.382202,0.888831,3296.572021
495,-6.197823,144.382202,0.885403,3251.536621
496,-6.114489,144.382202,0.91066,3122.108154
497,-6.031156,144.382202,0.841143,2900.481201
498,-5.947823,144.382202,0.844429,2727.237061
499,-5.864489,144.382202,0.7869,2574.471436
500,-5.781156,144.382202,0.793769,2496.521973
501,-5.697823,144.382202,0.794931,2513.505127
502,-5.614489,144.382202,0.810826,2596.390625
503,-5.531156,144.382202,0.859083,2712.265381
504,-5.447823,144.382202,0.892146,2816.069824
505,-5.364489,144.383777,0.87896,2892.09668
506,-5.281156,144.382202,0.889389,2933.318115
507,-5.197823,144.382202,0.862654,2950.205811
508,-5.114489,144.382202,0.854886,2990.896484
509,-5.031156,144.382202,0.833989,3054.495605
510,-4.947823,144.382202,0.881537,3138.183594
511,-4.864489,144.382202,0.863257,3207.322998
512,-4.781156,144.382202,0.895949,3248.364258
513,-4.697823,144.465535,0.891706,3244.051514
514,-4.781156,144.465535,0.887723,3241.874512
515,-4.864489,144.465535,0.87178,3210.421631
516,-4.947823,144.465535,0.893029,3155.568359
517,-5.031156,144.465535,0.859057,3083.258301
518,-5.114489,144.465535,0.8294,3029.312744
519,-5.197823,144.465535,0.873331,2988.32373
520,-5.281156,144.465535,0.874703,2962.812988
521,-5.363254,144.465535,0.857694,2907.709229
522,-5.445345,144.465535,0.874391,2829.868896
523,-5.531156,144.465535,0.874311,2729.267578
524,-5.614489,144.465535,0.829031,2635.07373
525,-5.697823,144.465535,0.827026,2540.413574
526,-5.781156,144.465535,0.806734,2535.617676
527,-5.864489,144.465535,0.787971,2606.856445
528,-5.947823,144.465535,0.851863,2708.273926
529,-6.031156,144.465535,0.871597,2831.535156
530,-6.114489,144.465535,0.858686,2953.993408
531,-6.197823,144.465535,0.9166,3063.52417
532,-6.281156,144.465535,0.890089,3118.035889
533,-6.366197,144.465535,0.888694,3151.599609
534,-6.447823,144.465535,0.889434,3198.114502
535,-6.531156,144.465535,0.897346,3275.665039
536,-6.614489,144.465535,0.861971,3366.137451
537,-6.697823,144.465535,0.890314,3468.900635
538,-6.697823,144.548868,0.885737,3347.105957
539,-6.614489,144.548868,0.865917,3285.795654
540,-6.531156,144.548868,0.883309,3195.265137
541,-6.447823,144.548868,0.867697,3100.102051
542,-6.364489,144.548868,0.896951,3020.606689
543,-6.281156,144.548868,0.908069,2960.462158
544,-6.197823,144.548868,0.898926,2895.457764
545,-6.114489,144.548868,0.856503,2847.543701
546,-6.031156,144.548868,0.863409,2759.792969
547,-5.947823,144.548868,0.804903,2652.817139
548,-5.864489,144.548868,0.805371,2540.75415
549,-5.781156,144.548868,0.806094,2477.669189
550,-5.697823,144.548868,0.851554,2499.39624
551,-5.614489,144.548868,0.861994,2607.793945
552,-5.531156,144.548868,0.896377,2726.516846
553,-5.448914,144.548868,0.87944,2845.898682
554,-5.364489,144.548868,0.850394,2940.533936
555,-5.281156,144.548868,0.751754,3011.889648
556,-5.197823,144.548868,0.850403,3049.008301
557,-5.114489,144.548868,0.863671,3076.786133
558,-5.031156,144.548868,0.898589,3133.888184
559,-4.947823,144.548868,0.889654,3197.741699
560,-4.864489,144.548868,0.858457,3267.534668
561,-4.781156,144.548868,0.873503,3313.036133
562,-4.697823,144.548868,0.890789,3321.718506
563,-4.614489,144.548868,0.882697,3270.110352
564,-4.031156,144.632202,0.867551,2909.132813
565,-4.114489,144.632202,0.870031,2858.698975
566,-4.197823,144.632202,0.891137,2816.5896
567,-4.281156,144.632202,0.870043,2825.5354
568,-4.364489,144.632202,0.891577,2916.016113
569,-4.447823,144.632202,0.870586,3049.428467
570,-4.531156,144.632202,0.871003,3202.401123
571,-4.614489,144.632202,0.8264,3343.835449
572,-4.697823,144.632202,0.881311,3447.471191
573,-4.781156,144.632202,0.869426,3461.153809
574,-4.864489,144.632202,0.870094,3365.112061
575,-4.947823,144.632202,0.861871,3250.645752
576,-5.031156,144.632202,0.880303,3168.530762
577,-5.114489,144.632202,0.876714,3132.1604
578,-5.197823,144.632202,0.860171,3124.975342
579,-5.281156,144.632202,0.859429,3106.413818
580,-5.364489,144.632202,0.902114,3015.324707
581,-5.447823,144.632202,0.889343,2876.980225
582,-5.531156,144.632202,0.892614,2704.593018
583,-5.614489,144.632202,0.87996,2501.821777
584,-5.697823,144.632202,0.8723,2358.855957
585,-5.781156,144.632202,0.735746,2335.843994
586,-5.864489,144.632202,0.74184,2431.215332
587,-5.947823,144.632202,0.832309,2578.887939
588,-6.031156,144.632202,0.784789,2701.52002
589,-6.114489,144.632202,0.900057,2784.226807
590,-6.197823,144.632202,0.869646,2808.875977
591,-6.281156,144.632202,0.8988,2842.850098
592,-6.366197,144.632202,0.893631,2912.325439
593,-6.447823,144.632202,0.883186,3017.053467
594,-6.531156,144.632202,0.872134,3139.962891
595,-6.614489,144.632202,0.863486,3265.812012
596,-6.697823,144.632202,0.896791,3360.573486
597,-6.697823,144.715535,0.863677,3430.003418
598,-6.614489,144.715535,0.888446,3281.412109
599,-6.531156,144.715535,0.924526,3103.612305
600,-6.447823,144.715535,0.892543,2942.361328
601,-6.364489,144.715535,0.893666,2833.098145
602,-6.281156,144.715535,0.902786,2781.236572
603,-6.197823,144.715535,0.872534,2775.845459
604,-6.114489,144.715535,0.859114,2751.951904
605,-6.031156,144.715535,0.838171,2669.19751
606,-5.947823,144.715535,0.793286,2528.679932
607,-5.864489,144.715535,0.724849,2336.460205
608,-5.781156,144.715535,0.879946,2180.115723
609,-5.697823,144.715535,0.841723,2208.706299
610,-5.614489,144.715535,0.83106,2417.135986
611,-5.531156,144.715535,0.880691,2673.877197
612,-5.447823,144.715535,0.931343,2896.486084
613,-5.364489,144.715535,0.88266,3094.459717
614,-5.281156,144.715535,0.866377,3192.666016
615,-5.197823,144.715535,0.864846,3189.168701
616,-5.114489,144.715535,0.90278,3160.490967
617,-5.031156,144.715535,0.882797,3190.014893
618,-4.947823,144.715535,0.856089,3290.313477
619,-4.864489,144.715535,0.86682,3452.708008
620,-4.781156,144.715535,0.871734,3593.84375
621,-4.697823,144.715535,0.863983,3570.59082
622,-4.614489,144.715535,0.868406,3417.95166
623,-4.531156,144.715535,0.873014,3226.888184
624,-4.447823,144.715535,0.87302,3031.285156
625,-4.364489,144.715535,0.8897,2849.768799
626,-4.281156,144.715535,0.909769,2741.085205
627,-4.197823,144.715535,0.887297,2748.856445
628,-4.114489,144.715535,0.884029,2819.138916
629,-4.114489,144.798868,0.865143,2834.84375
630,-4.197823,144.798868,0.877611,2758.647949
631,-4.281156,144.798868,0.886023,2752.228271
632,-4.364489,144.798868,0.872131,2859.978027
633,-4.447823,144.798868,0.889771,3032.849609
634,-4.531156,144.798868,0.877503,3218.641846
635,-4.614489,144.798868,0.864766,3400.171387
636,-4.697823,144.798868,0.887231,3554.80835
637,-4.781156,144.798868,0.846906,3577.646729
638,-4.864489,144.798868,0.864706,3454.074707
639,-4.947823,144.798868,0.880323,3295.805176
640,-5.031156,144.798868,0.885946,3196.656006
641,-5.114489,144.798868,0.883534,3166.282471
642,-5.197823,144.798868,0.892834,3186.142578
643,-5.281156,144.798868,0.8988,3185.904541
644,-5.364489,144.798868,0.88686,3080.360107
645,-5.447823,144.798868,0.866614,2899.777344
646,-5.531156,144.798868,0.868426,2680.598877
647,-5.614489,144.798868,0.833989,2425.950684
648,-5.697823,144.798868,0.857663,2228.28125
649,-5.781156,144.798868,0.834,2198.732178
650,-5.864489,144.798868,0.82412,2330.29248
651,-5.947823,144.798868,0.733017,2514.895996
652,-6.031156,144.798868,0.793591,2642.819336
653,-6.114489,144.798868,0.827169,2713.588867
654,-6.197823,144.798868,0.862263,2765.015137
655,-6.281156,144.798868,0.885377,2774.959717
656,-6.364489,144.798868,0.908023,2786.189697
657,-6.447823,144.798868,0.866577,2859.953369
658,-6.531156,144.798868,0.86104,3024.797363
659,-6.614489,144.798868,0.860326,3221.883545
660,-6.697823,144.798868,0.901589,3401.108154
661,-6.697823,144.882202,0.904034,3203.758789
662,-6.614489,144.882202,0.875354,3041.271973
663,-6.531156,144.882202,0.87018,2886.835449
664,-6.447823,144.882202,0.880594,2782.755615
665,-6.364489,144.882202,0.906551,2725.811768
666,-6.281156,144.882202,0.86292,2708.705078
667,-6.197823,144.882202,0.791837,2694.819336
668,-6.114489,144.882202,0.787869,2654.690186
669,-6.031156,144.882202,0.722734,2558.482666
670,-5.947823,144.882202,0.74918,2482.168213
671,-5.864489,144.882202,0.803683,2404.151123
672,-5.781156,144.882202,0.814803,2343.010498
673,-5.697823,144.882202,0.832234,2392.949219
674,-5.614489,144.882202,0.857826,2522.554443
675,-5.531156,144.882202,0.881997,2693.997803
676,-5.447823,144.882202,0.872163,2867.659424
677,-5.364489,144.882202,0.844149,3038.414063
678,-5.281156,144.882202,0.875314,3117.397705
679,-5.197823,144.882202,0.876017,3150.986328
680,-5.114489,144.882202,0.856726,3152.25415
681,-5.031156,144.882202,0.882394,3207.885498
682,-4.947823,144.882202,0.87776,3268.57251
683,-4.864489,144.882202,0.899934,3354.824707
684,-4.781156,144.882202,0.889214,3423.072754
685,-4.697823,144.882202,0.887131,3406.81958
686,-4.614489,144.882202,0.889414,3309.639404
687,-4.531156,144.882202,0.883283,3183.027832
688,-4.447823,144.882202,0.903303,3053.171387
689,-4.364489,144.882202,0.909329,2940.105713
690,-4.281156,144.882202,0.861023,2859.312012
691,-4.281156,144.965535,0.89326,2970.322998
692,-4.364489,144.965535,0.861203,3016.074219
693,-4.447823,144.965535,0.89418,3082.936768
694,-4.531156,144.965535,0.894303,3147.32666
695,-4.614489,144.965535,0.897746,3213.064941
696,-4.697823,144.965535,0.91552,3257.479736
697,-4.781156,144.965535,0.888171,3268.506348
698,-4.864489,144.965535,0.886217,3248.036621
699,-4.947823,144.965535,0.849057,3215.907227
700,-5.031156,144.965535,0.880629,3188.903564
701,-5.114489,144.965535,0.882791,3169.838379
702,-5.197823,144.965535,0.874446,3132.499756
703,-5.281156,144.965535,0.864414,3097.80542
704,-5.364489,144.965535,0.84954,2985.032959
705,-5.447823,144.965535,0.868394,2870.120361
706,-5.531156,144.965535,0.878866,2735.640381
707,-5.614489,144.965535,0.866306,2607.061035
708,-5.697823,144.965535,0.821794,2493.1875
709,-5.781156,144.965535,0.862614,2458.600586
710,-5.864489,144.965535,0.871869,2463.347656
711,-5.947823,144.965535,0.75044,2488.632324
712,-6.031156,144.965535,0.725834,2513.312744
713,-6.114489,144.965535,0.741166,2535.582275
714,-6.197823,144.965535,0.799563,2549.793701
715,-6.281156,144.965535,0.876166,2577.684082
716,-6.364489,144.965535,0.892906,2614.764648
717,-6.447823,144.965535,0.85694,2677.796143
718,-6.531156,144.965535,0.87348,2755.45874
719,-6.614489,144.965535,0.856286,2851.929443
720,-6.697823,144.965535,0.901754,2929.918945
721,-6.781156,145.048868,0.909386,2732.044678
722,-6.697823,145.048868,0.90264,2725.167725
723,-6.614489,145.048868,0.867737,2690.978027
724,-6.531156,145.048868,0.864569,2626.435791
725,-6.447823,145.048868,0.842774,2546.0896
726,-6.364489,145.048868,0.865203,2454.276123
727,-6.281156,145.048868,0.824166,2388.762939
728,-6.197823,145.048868,0.778989,2365.988281
729,-6.114489,145.048868,0.734086,2417.75708
730,-6.031156,145.048868,0.758474,2453.641113
731,-5.947823,145.048868,0.856154,2476.518555
732,-5.864489,145.048868,0.8339,2484.398926
733,-5.781156,145.048868,0.693877,2511.422119
734,-5.697823,145.048868,0.760917,2538.04248
735,-5.614489,145.048868,0.839569,2651.037354
736,-5.531156,145.048868,0.888343,2766.799805
737,-5.447823,145.048868,0.899797,2897.521973
738,-5.364489,145.048868,0.870857,3032.577881
739,-5.281156,145.048868,0.888654,3132.817383
740,-5.197823,145.048868,0.8803,3174.367676
741,-5.114489,145.048868,0.86072,3180.624512
742,-5.031156,145.048868,0.899343,3175.833008
743,-4.947823,145.048868,0.878429,3170.873779
744,-4.864489,145.048868,0.872114,3162.200684
745,-4.781156,145.048868,0.895274,3151.370605
746,-4.697823,145.048868,0.895206,3145.228271
747,-4.617293,145.047647,0.895783,3139.294678
748,-4.531156,145.048868,0.912971,3130.836426
749,-4.447823,145.048868,0.898786,3095.912598
750,-4.364489,145.048868,0.895074,3063.260742
751,-4.114489,145.048868,0.869057,3027.706299
752,-4.447823,145.132202,0.902257,3094.77417
753,-4.531156,145.132202,0.873137,3107.084717
754,-4.614489,145.132202,0.882629,3097.309082
755,-4.697823,145.132202,0.880414,3063.244385
756,-4.781156,145.132202,0.909457,3062.768799
757,-4.864489,145.132202,0.845094,3097.823242
758,-4.947823,145.132202,0.886414,3139.607178
759,-5.031156,145.132202,0.868023,3174.568359
760,-5.114489,145.132202,0.867543,3196.618408
761,-5.197823,145.132202,0.896543,3241.79834
762,-5.281156,145.132202,0.875854,3211.329346
763,-5.364489,145.132202,0.87868,3112.952881
764,-5.447823,145.132202,0.897849,2941.454834
765,-5.531156,145.132202,0.907651,2781.121826
766,-5.614489,145.132202,0.845771,2621.485107
767,-5.697823,145.132202,0.831054,2535.901611
768,-5.781156,145.132202,0.839371,2509.82373
769,-5.864489,145.132202,0.826197,2490.387695
770,-5.947823,145.132202,0.827274,2456.522217
771,-6.031156,145.132202,0.798189,2390.821777
772,-6.114489,145.132202,0.7512,2284.668701
773,-6.197823,145.132202,0.739591,2173.858887
774,-6.197823,145.132202,0.739591,2173.858887
775,-6.281156,145.132202,0.807669,2169.137451
776,-6.364489,145.132202,0.861583,2279.388916
777,-6.447823,145.132202,0.863257,2412.306641
778,-6.531156,145.132202,0.836151,2525.669434
779,-6.614489,145.132202,0.83076,2589.968262
780,-6.697823,145.132202,0.853863,2603.345703
781,-6.781156,145.132202,0.90296,2610.948486
782,-6.781156,145.215535,0.9054,2582.323486
783,-6.697823,145.215535,0.885197,2577.789307
784,-6.614489,145.215535,0.862617,2545.563232
785,-6.531156,145.215535,0.870469,2461.236084
786,-6.447823,145.215535,0.868714,2322.745605
787,-6.364489,145.215535,0.850229,2145.008789
788,-6.281156,145.215535,0.871543,1997.595215
789,-6.197823,145.215535,0.796497,2021.772583
790,-6.114489,145.215535,0.7983,2185.552979
791,-6.031156,145.215535,0.810554,2334.456299
792,-5.947823,145.215535,0.798243,2436.243164
793,-5.864489,145.215535,0.849069,2490.451416
794,-5.781156,145.215535,0.834857,2495.407471
795,-5.697823,145.215535,0.799031,2506.984131
796,-5.614489,145.215535,0.899694,2599.664063
797,-5.531156,145.215535,0.902343,2782.286865
798,-5.447823,145.215535,0.919114,2980.345215
799,-5.364489,145.215535,0.841714,3195.871338
800,-5.281156,145.215535,0.874411,3321.979492
801,-5.197823,145.215535,0.878474,3309.736572
802,-5.114489,145.215535,0.878186,3232.239258
803,-5.031156,145.215535,0.883651,3162.577637
804,-4.947823,145.215535,0.884,3114.907715
805,-4.864489,145.215535,0.907006,3053.240479
806,-4.781156,145.215535,0.920831,3005.336914
807,-4.697823,145.215535,0.858829,3013.534912
808,-4.614489,145.215535,0.858097,3064.179932
809,-4.531156,145.215535,0.894997,3094.862549
810,-4.447823,145.215535,0.890094,3093.603271
811,-4.447823,145.298868,0.88228,3099.523682
812,-4.531156,145.298868,0.868257,3099.325439
813,-4.614489,145.298868,0.885163,3064.42749
814,-4.697823,145.298868,0.888603,3017.972168
815,-4.781156,145.298868,0.850346,3010.981689
816,-4.864489,145.298868,0.909443,3054.548828
817,-4.947823,145.298868,0.889566,3112.689209
818,-5.031156,145.298868,0.873449,3165.88208
819,-5.114489,145.298868,0.9052,3231.686035
820,-5.197823,145.298868,0.881531,3305.438477
821,-5.281156,145.298868,0.8716,3310.49292
822,-5.364489,145.298868,0.871491,3175.407959
823,-5.447823,145.298868,0.891029,2979.76416
824,-5.531156,145.298868,0.88998,2786.981201
825,-5.614489,145.298868,0.899686,2607.941406
826,-5.697823,145.298868,0.851966,2516.606201
827,-5.781156,145.298868,0.871757,2498.22876
828,-5.864489,145.298868,0.846846,2478.779541
829,-5.947823,145.298868,0.834017,2428.777588
830,-6.031156,145.298868,0.78166,2322.299316
831,-6.114489,145.298868,0.765109,2158.553223
832,-6.197823,145.298868,0.732009,2027.495361
833,-6.281156,145.298868,0.716971,2007.953613
834,-6.364489,145.298868,0.825057,2098.952393
835,-6.447823,145.298868,0.834411,2230.956055
836,-6.531156,145.298868,0.827997,2357.486572
837,-6.614489,145.298868,0.840094,2470.069336
838,-6.697823,145.298868,0.868857,2560.273682
839,-6.781156,145.298868,0.8922,2569.032715
840,-6.864489,145.298868,0.883931,2531.086914
841,-6.864489,145.382202,0.883403,2455.10791
842,-6.781156,145.382202,0.866597,2473.811523
843,-6.697823,145.382202,0.876629,2459.127197
844,-6.614489,145.382202,0.84542,2394.979248
845,-6.531156,145.382202,0.827183,2308.36084
846,-6.447823,145.382202,0.848851,2217.220215
847,-6.364489,145.382202,0.808877,2134.986084
848,-6.281156,145.382202,0.747994,2089.624512
849,-6.197823,145.382202,0.71992,2117.684326
850,-6.114489,145.382202,0.737351,2202.795166
851,-6.031156,145.382202,0.72752,2284.24707
852,-5.947823,145.382202,0.828891,2378.145996
853,-5.864489,145.382202,0.868114,2470.130859
854,-5.781156,145.382202,0.863949,2505.924316
855,-5.697823,145.382202,0.863349,2563.648926
856,-5.614489,145.382202,0.862531,2645.069824
857,-5.531156,145.382202,0.907749,2773.57666
858,-5.447823,145.382202,0.877089,2943.730957
859,-5.364489,145.382202,0.8648,3091.026611
860,-5.281156,145.382202,0.8707,3200.699951
861,-5.197823,145.382202,0.883643,3224.521729
862,-5.114489,145.382202,0.904057,3196.093506
863,-5.031156,145.382202,0.902217,3161.345947
864,-4.947823,145.382202,0.895817,3130.280029
865,-4.864489,145.382202,0.88074,3095.604004
866,-4.781156,145.382202,0.894003,3078.355225
867,-4.697823,145.382202,0.879749,3078.82666
868,-4.614489,145.382202,0.885809,3102.267822
869,-4.531156,145.382202,0.87616,3116.932617
870,-4.531156,145.465535,0.830029,3155.478516
871,-4.614489,145.465535,0.898849,3162.123047
872,-4.697823,145.465535,0.902314,3162.20874
873,-4.781156,145.465535,0.881346,3149.453613
874,-4.864489,145.465535,0.892686,3154.826904
875,-4.947823,145.465535,0.903969,3159.603271
876,-5.031156,145.465535,0.906983,3163.481201
877,-5.114489,145.465535,0.868483,3163.313477
878,-5.197823,145.465535,0.889669,3161.192871
879,-5.281156,145.465535,0.891974,3116.86084
880,-5.364489,145.465535,0.864786,3021.968506
881,-5.447823,145.465535,0.886117,2913.840332
882,-5.531156,145.465535,0.887094,2777.260254
883,-5.614489,145.465535,0.89386,2672.759033
884,-5.697823,145.464052,0.877091,2570.255615
885,-5.781156,145.465535,0.890431,2514.731201
886,-5.864489,145.465535,0.848443,2441.707275
887,-5.947823,145.465535,0.891126,2371.001709
888,-6.031156,145.465535,0.815074,2286.505371
889,-6.114489,145.465535,0.742546,2204.239014
890,-6.197823,145.465535,0.702637,2129.671387
891,-6.281156,145.465535,0.722709,2122.962158
892,-6.364489,145.465535,0.759114,2138.338379
893,-6.447823,145.465535,0.839286,2190.263916
894,-6.531156,145.465535,0.855086,2251.552979
895,-6.614489,145.465535,0.877251,2301.779785
896,-6.697823,145.465535,0.893309,2338.720703
897,-6.781156,145.465535,0.917486,2348.458008
898,-6.864489,145.465535,0.892849,2331.143066
899,-6.947823,145.465535,0.856651,2318.346924
900,-7.031156,145.548868,0.901706,2169.74585
901,-6.947823,145.548868,0.871497,2219.220703
902,-6.864489,145.548868,0.89244,2237.794434
903,-6.781156,145.548868,0.897534,2242.430908
904,-6.697823,145.548868,0.831449,2238.77832
905,-6.614489,145.548868,0.887029,2223.667236
906,-6.531156,145.548868,0.826606,2189.36792
907,-6.447823,145.548868,0.824526,2150.219482
908,-6.364489,145.548868,0.73394,2096.778809
909,-6.281156,145.548868,0.689846,2068.490479
910,-6.197823,145.548868,0.698266,2075.114746
911,-6.114489,145.548868,0.732143,2172.815918
912,-6.031156,145.548868,0.802274,2270.557373
913,-5.947823,145.548868,0.899769,2367.277344
914,-5.864489,145.548868,0.879049,2447.158936
915,-5.781156,145.548868,0.85742,2514.532227
916,-5.697823,145.548868,0.878454,2585.662354
917,-5.614489,145.548868,0.886006,2658.401855
918,-5.531156,145.548868,0.895091,2758.572266
919,-5.447823,145.548868,0.903789,2896.196045
920,-5.447823,145.548868,0.903789,2896.196045
921,-5.364489,145.548868,0.912006,2997.676025
922,-5.281156,145.548868,0.907117,3092.941895
923,-5.197823,145.548868,0.909229,3141.854492
924,-5.114489,145.548868,0.900131,3155.148193
925,-5.031156,145.548868,0.906914,3171.42749
926,-4.947823,145.548868,0.897566,3206.214111
927,-4.864489,145.548868,0.878057,3236.046631
928,-4.781156,145.548868,0.88148,3258.52417
929,-4.697823,145.548868,0.903303,3256.317383
930,-4.614489,145.548868,0.880663,3240.751953
931,-4.781156,145.632202,0.878446,3378.687256
932,-4.864489,145.632202,0.8962,3319.902832
933,-4.947823,145.632202,0.871286,3247.091797
934,-5.031156,145.632202,0.89032,3187.24292
935,-5.114489,145.632202,0.89608,3163.449219
936,-5.197823,145.632202,0.885551,3159.790283
937,-5.281156,145.632202,0.897489,3131.28833
938,-5.364489,145.632202,0.8865,3037.844238
939,-5.447823,145.632202,0.893237,2911.450928
940,-5.531156,145.632202,0.880514,2751.705322
941,-5.614489,145.632202,0.900771,2640.049561
942,-5.697823,145.632202,0.898234,2575.940674
943,-5.781156,145.632202,0.757654,2529.109375
944,-5.864489,145.632202,0.834923,2468.604248
945,-5.947823,145.632202,0.873966,2369.557129
946,-6.031156,145.632202,0.850477,2240.541504
947,-6.114489,145.632202,0.78906,2089.607422
948,-6.197823,145.632202,0.702209,1962.35791
949,-6.281156,145.632202,0.680846,1941.798584
950,-6.364489,145.632202,0.767509,2008.855103
951,-6.447823,145.632202,0.859943,2092.967773
952,-6.531156,145.632202,0.853289,2142.968018
953,-6.614489,145.632202,0.859537,2174.554932
954,-6.697823,145.632202,0.84532,2181.275146
955,-6.781156,145.632202,0.83172,2181.833984
956,-6.864489,145.632202,0.865091,2184.140381
957,-6.947823,145.632202,0.867269,2161.374756
958,-7.031156,145.632202,0.896169,2111.822021
959,-7.114489,145.715535,0.877829,1988.305298
960,-7.031156,145.715535,0.886569,2075.207031
961,-6.947823,145.715535,0.835029,2132.737061
962,-6.864489,145.715535,0.81002,2156.804688
963,-6.781156,145.715535,0.847454,2165.723877
964,-6.697823,145.715535,0.728897,2164.253906
965,-6.614489,145.715535,0.862886,2149.762207
966,-6.531156,145.715535,0.854963,2110.180176
967,-6.447823,145.715535,0.80032,2022.8479
968,-6.364489,145.715535,0.803897,1917.069946
969,-6.281156,145.715535,0.698591,1821.794434
970,-6.197823,145.715535,0.725914,1847.334595
971,-6.114489,145.715535,0.81356,2015.650024
972,-6.031156,145.715535,0.827543,2207.461426
973,-5.947823,145.715535,0.861843,2358.485352
974,-5.864489,145.715535,0.712143,2485.05542
975,-5.781156,145.715535,0.85544,2547.522705
976,-5.697823,145.715535,0.914049,2554.580811
977,-5.614489,145.715535,0.874717,2617.005859
978,-5.531156,145.715535,0.910229,2742.56543
979,-5.447823,145.715535,0.854274,2925.873779
980,-5.364489,145.715535,0.886534,3088.034668
981,-5.281156,145.715535,0.886437,3183.862305
982,-5.197823,145.715535,0.886157,3186.110352
983,-5.114489,145.715535,0.881209,3169.48877
984,-5.031156,145.715535,0.89234,3198.056152
985,-4.947823,145.715535,0.879151,3277.059326
986,-4.864489,145.715535,0.893266,3385.645264
987,-5.031156,145.798868,0.88286,3203.483154
988,-5.531156,145.798868,0.864511,2746.771973
989,-5.614489,145.798868,0.887209,2623.170898
990,-5.697823,145.798868,0.911723,2558.898926
991,-5.781156,145.798868,0.903146,2545.310059
992,-5.864489,145.798868,0.860714,2484.224365
993,-5.947823,145.798868,0.674246,2365.880127
994,-6.031156,145.798868,0.845154,2199.81958
995,-6.114489,145.798868,0.870794,2008.899292
996,-6.197823,145.798868,0.798257,1860.7677
997,-6.281156,145.798868,0.721874,1834.134033
998,-6.364489,145.798868,0.723483,1916.446533
999,-6.447823,145.798868,0.819674,2009.775146
1000,-6.531156,145.798868,0.831477,2083.063232
1001,-6.614489,145.798868,0.801451,2125.739014
1002,-6.697823,145.798868,0.741557,2159.128418
1003,-6.781156,145.798868,0.831974,2160.586426
1004,-6.864489,145.798868,0.827177,2144.328125
1005,-6.947823,145.798868,0.850146,2109.715576
1006,-7.031156,145.798868,0.852951,2058.003662
1007,-7.114489,145.798868,0.849523,1985.908936
1008,-7.197823,145.798868,0.84566,1919.566895
1009,-7.197823,145.882202,0.825557,1971.388184
1010,-7.114489,145.882202,0.854723,2012.028809
1011,-7.031156,145.882202,0.81274,2056.887207
1012,-6.947823,145.882202,0.848034,2091.288818
1013,-6.864489,145.882202,0.884974,2104.80835
1014,-6.781156,145.882202,0.825151,2122.437256
1015,-6.697823,145.882202,0.866057,2123.685059
1016,-6.614489,145.882202,0.656483,2103.744873
1017,-6.531156,145.882202,0.898594,2073.494629
1018,-6.447823,145.882202,0.688666,2029.915039
1019,-6.364489,145.882202,0.670066,1985.567383
1020,-6.281156,145.882202,0.712514,1941.205811
1021,-6.197823,145.882202,0.804351,1980.965332
1022,-6.114489,145.882202,0.861977,2080.527832
1023,-6.031156,145.882202,0.756566,2210.798096
1024,-5.947823,145.882202,0.787783,2352.73877
1025,-5.864489,145.882202,0.860409,2453.21875
1026,-5.781156,145.882202,0.91814,2510.424805
1027,-5.697823,145.882202,0.882857,2571.595215
1028,-5.614489,145.882202,0.874246,2637.174316
1029,-5.531156,145.882202,0.889331,2738.386475
1030,-4.531156,145.965535,0.846429,3235.000732
1031,-4.614489,145.965535,0.869246,3259.20874
1032,-4.697823,145.965535,0.859477,3268.568359
1033,-5.531156,145.965535,0.881737,2720.142822
1034,-5.614489,145.965535,0.855357,2628.432861
1035,-5.697823,145.965535,0.878643,2576.016113
1036,-5.781156,145.965535,0.893694,2487.330566
1037,-5.864489,145.965535,0.873871,2432.478516
1038,-5.947823,145.965535,0.875171,2350.736328
1039,-6.031156,145.965535,0.808223,2238.43457
1040,-6.114489,145.965535,0.8818,2147.032715
1041,-6.197823,145.965535,0.859254,2072.411865
1042,-6.281156,145.965535,0.707726,2050.712891
1043,-6.364489,145.965535,0.73696,2031.499268
1044,-6.447823,145.965535,0.706874,2050.506348
1045,-6.531156,145.965535,0.725417,2066.515381
1046,-6.614489,145.965535,0.679094,2075.391113
1047,-6.697823,145.965535,0.862769,2072.317383
1048,-6.781156,145.965535,0.870029,2072.875488
1049,-6.864489,145.965535,0.877214,2067.040039
1050,-6.947823,145.965535,0.858363,2055.276855
1051,-7.031156,145.965535,0.826949,2039.161377
1052,-7.114489,145.965535,0.832049,2019.116821
1053,-7.197823,145.965535,0.755183,2002.091431
1054,-7.281156,145.965535,0.740731,1999.06189
1055,-7.364489,146.048868,0.866051,2035.915894
1056,-7.281156,146.048868,0.846809,2021.370972
1057,-7.197823,146.048868,0.737797,2023.224731
1058,-7.114489,146.048868,0.693163,2025.618042
1059,-7.031156,146.048868,0.841583,2034.463135
1060,-6.947823,146.048868,0.877886,2034.338867
1061,-6.864489,146.048868,0.851031,2023.984619
1062,-6.781156,146.048868,0.860043,2016.230957
1063,-6.781156,146.048868,0.863991,2016.230957
1064,-6.697823,146.048868,0.802291,2019.429932
1065,-6.614489,146.048868,0.833254,2042.066895
1066,-6.531156,146.048868,0.83856,2056.218994
1067,-6.447823,146.048868,0.845897,2060.490234
1068,-6.364489,146.048868,0.804929,2076.905029
1069,-6.281156,146.048868,0.815011,2088.446045
1070,-6.197823,146.048868,0.843963,2109.528809
1071,-6.114489,146.048868,0.732949,2175.569824
1072,-6.031156,146.048868,0.83824,2257.815186
1073,-5.947823,146.048868,0.891863,2360.405762
1074,-5.864489,146.048868,0.841651,2439.339844
1075,-5.781156,146.048868,0.815817,2491.473877
1076,-5.697823,146.048868,0.865223,2572.872559
1077,-5.614489,146.048868,0.858006,2615.638184
1078,-5.531156,146.048868,0.885031,2677.986328
1079,-4.697823,146.048868,0.854569,3199.489502
1080,-4.614489,146.048868,0.857983,3204.798828
1081,-5.614489,146.132202,0.843571,2598.085205
1082,-5.697823,146.132202,0.867726,2569.769043
1083,-5.781156,146.132202,0.835857,2534.803711
1084,-5.864489,146.132202,0.860274,2472.009766
1085,-5.947823,146.132202,0.923617,2369.449463
1086,-6.031156,146.132202,0.866543,2263.736816
1087,-6.114489,146.132202,0.723569,2162.749756
1088,-6.197823,146.132202,0.746737,2093.031494
1089,-6.281156,146.132202,0.887709,2063.481934
1090,-6.364489,146.132202,0.860869,2075.139893
1091,-6.447823,146.132202,0.861594,2065
1092,-6.531156,146.132202,0.882231,2043.609253
1093,-6.614489,146.132202,0.860297,2006.128784
1094,-6.697823,146.132202,0.863869,1950.508057
1095,-6.781156,146.132202,0.882243,1942.54126
1096,-6.864489,146.132202,0.876877,1977.11731
1097,-6.947823,146.132202,0.9132,2014.179565
1098,-7.031156,146.132202,0.849186,2036.776733
1099,-7.114489,146.132202,0.79636,2027.117676
1100,-7.197823,146.132202,0.813837,2008.954468
1101,-7.281156,146.132202,0.869869,2006.048096
1102,-7.364489,146.132202,0.849057,2029.402344
1103,-7.447823,146.132202,0.882363,2061.179932
1104,-7.531156,146.132202,0.887886,2095.035889
1105,-7.531156,146.215535,0.881451,2163.49707
1106,-7.447823,146.215535,0.876623,2104.274902
1107,-7.364489,146.215535,0.881811,2036.928833
1108,-7.281156,146.215535,0.901886,1979.670898
1109,-7.197823,146.215535,0.810766,1984.998413
1110,-7.114489,146.215535,0.816626,2019.899536
1111,-7.031156,146.215535,0.893897,2037.238403
1112,-6.947823,146.215535,0.892106,2044.485229
1113,-6.864489,146.215535,0.848654,1964.818726
1114,-6.781156,146.215535,0.867634,1879.688232
1115,-6.697823,146.215535,0.901909,1895.833374
1116,-6.614489,146.215535,0.887691,1974.839966
1117,-6.531156,146.215535,0.877374,2047.406616
1118,-6.447823,146.215535,0.869257,2074.963623
1119,-6.364489,146.215535,0.848497,2056.307129
1120,-6.281156,146.215535,0.696406,2024.68396
1121,-6.197823,146.215535,0.666029,2038.300049
1122,-6.114489,146.215535,0.861197,2137.781738
1123,-6.031156,146.215535,0.903203,2265.595215
1124,-5.947823,146.215535,0.906057,2390.701416
1125,-5.864489,146.215535,0.8637,2500.907959
1126,-5.781156,146.215535,0.838231,2563.443604
1127,-5.697823,146.215535,0.874911,2568.523438
1128,-5.614489,146.215535,0.857469,2598.916016
1129,-4.781156,146.215535,0.87162,3140.994141
1130,-5.614489,146.298868,0.846637,2598.82666
1131,-5.697823,146.298868,0.864877,2567.955078
1132,-5.781156,146.298868,0.864131,2562.994385
1133,-5.864489,146.298868,0.812429,2515.811035
1134,-5.947823,146.298868,0.853177,2423.353516
1135,-6.031156,146.298868,0.868166,2305.014404
1136,-6.114489,146.298868,0.880851,2170.397217
1137,-6.197823,146.298868,0.871614,2054.723145
1138,-6.281156,146.298868,0.845314,2034.630249
1139,-6.364489,146.298868,0.740703,2082.258057
1140,-6.447823,146.298868,0.713,2110.063965
1141,-6.531156,146.298868,0.894017,2067.844238
1142,-6.614489,146.298868,0.896611,2021.016113
1143,-6.697823,146.298868,0.893294,1912.942139
1144,-6.781156,146.298868,0.844111,1895.140747
1145,-6.864489,146.298868,0.861611,1984.568604
1146,-6.947823,146.298868,0.895283,2067.968262
1147,-7.031156,146.298868,0.868009,2091.671875
1148,-7.114489,146.298868,0.869303,2057.588867
1149,-7.197823,146.298868,0.859357,2000.563599
1150,-7.281156,146.298868,0.86768,1993.329102
1151,-7.364489,146.298868,0.897309,2051.682861
1152,-7.447823,146.298868,0.904834,2128.019531
1153,-7.531156,146.298868,0.869323,2192.103271
1154,-7.531156,146.382202,0.889709,2231.779053
1155,-7.447823,146.382202,0.89378,2176.998779
1156,-7.364489,146.382202,0.891831,2119.766357
1157,-7.281156,146.382202,0.850337,2079.002686
1158,-7.197823,146.382202,0.880074,2086.118652
1159,-7.114489,146.382202,0.886546,2115.621582
1160,-7.031156,146.382202,0.865871,2143.613525
1161,-6.947823,146.382202,0.827489,2133.55127
1162,-6.864489,146.382202,0.866731,2083.551514
1163,-6.781156,146.382202,0.72,2033.921997
1164,-6.697823,146.382202,0.882177,2047.056763
1165,-6.614489,146.382202,0.906243,2113.617188
1166,-6.531156,146.382202,0.737351,2188.054932
1167,-6.447823,146.382202,0.733154,2200.415283
1168,-6.364489,146.382202,0.738731,2180.025391
1169,-6.281156,146.382202,0.869963,2146.10498
1170,-6.197823,146.382202,0.890731,2178.755615
1171,-6.114489,146.382202,0.872369,2241.117432
1172,-6.031156,146.382202,0.868631,2341.505371
1173,-5.947823,146.382202,0.854689,2432.450439
1174,-5.864489,146.382202,0.819211,2517.995361
1175,-5.781156,146.382202,0.849646,2551.861572
1176,-5.697823,146.382202,0.865331,2573.499268
1177,-5.614489,146.465535,0.876343,2648.172607
1178,-5.697823,146.465535,0.882077,2596.336914
1179,-5.781156,146.465535,0.86564,2565.174072
1180,-5.864489,146.465535,0.868257,2531.798096
1181,-5.947823,146.465535,0.779429,2477.634766
1182,-6.031156,146.465535,0.854469,2388.72583
1183,-6.114489,146.465535,0.8415,2350.883057
1184,-6.197823,146.465535,0.895551,2305.657227
1185,-6.281156,146.465535,0.888214,2289.898682
1186,-6.364489,146.465535,0.704411,2269.936279
1187,-6.447823,146.465535,0.652871,2282.737061
1188,-6.531156,146.465535,0.697823,2282.734131
1189,-6.614489,146.465535,0.896537,2265.631104
1190,-6.697823,146.465535,0.876317,2224.344238
1191,-6.781156,146.465535,0.88676,2218.769531
1192,-6.864489,146.465535,0.868731,2223.084473
1193,-6.947823,146.465535,0.896843,2229.091553
1194,-7.031156,146.465535,0.887754,2217.986572
1195,-7.114489,146.465535,0.867649,2210.384033
1196,-7.197823,146.465535,0.855549,2186.853027
1197,-7.281156,146.465535,0.862566,2182.981934
1198,-7.364489,146.465535,0.833709,2203.86499
1199,-7.447823,146.465535,0.877943,2240.352539
1200,-7.531156,146.465535,0.890809,2293.042725
1201,-7.614489,146.465535,0.8802,2334.258789
1202,-7.697823,146.548868,0.88916,2410.770264
1203,-7.614489,146.548868,0.890754,2382.643799
1204,-7.531156,146.548868,0.8742,2344.194824
1205,-7.447823,146.548868,0.858531,2289.418945
1206,-7.364489,146.548868,0.834431,2260.40332
1207,-7.281156,146.548868,0.851769,2246.994629
1208,-7.197823,146.548868,0.864237,2252.291748
1209,-7.114489,146.548868,0.863743,2275.720459
1210,-7.031156,146.548868,0.885311,2310.387695
1211,-6.947823,146.548868,0.853009,2351.31543
1212,-6.864489,146.548868,0.890574,2386.998047
1213,-6.781156,146.548868,0.893663,2399.017334
1214,-6.697823,146.548868,0.856949,2415.262695
1215,-6.614489,146.548868,0.73334,2400.382324
1216,-6.531156,146.548868,0.758229,2381.73999
1217,-6.447823,146.548868,0.697083,2364.570557
1218,-6.364489,146.548868,0.894037,2375.982178
1219,-6.281156,146.548868,0.868531,2377.691406
1220,-6.197823,146.548868,0.841474,2387.269531
1221,-6.114489,146.548868,0.86744,2416.165527
1222,-6.031156,146.548868,0.863891,2485.370117
1223,-5.947823,146.548868,0.841389,2516.460449
1224,-5.864489,146.548868,0.85174,2571.996094
1225,-5.781156,146.548868,0.880371,2608.630615
1226,-5.697823,146.548868,0.881869,2649.80835
1227,-5.781156,146.632202,0.8562,2666.894043
1228,-5.864489,146.632202,0.87284,2625.604248
1229,-5.947823,146.632202,0.817851,2585.285645
1230,-6.031156,146.632202,0.827546,2521.369629
1231,-6.114489,146.632202,0.758709,2460.026123
1232,-6.197823,146.632202,0.828574,2407.773438
1233,-6.281156,146.632202,0.902754,2397.710449
1234,-6.364489,146.632202,0.881571,2419.054443
1235,-6.447823,146.632202,0.840486,2448.837402
1236,-6.531156,146.632202,0.74736,2469.352051
1237,-6.614489,146.632202,0.734157,2530.348389
1238,-6.697823,146.632202,0.878086,2562.464844
1239,-6.781156,146.632202,0.86938,2565.160645
1240,-6.864489,146.632202,0.84222,2514.268066
1241,-6.947823,146.632202,0.698723,2443.303955
1242,-7.031156,146.632202,0.658709,2369.347656
1243,-7.114489,146.632202,0.678314,2305.473877
1244,-7.197823,146.632202,0.830014,2259.259277
1245,-7.281156,146.632202,0.846429,2250.019531
1246,-7.364489,146.632202,0.863534,2275.533203
1247,-7.447823,146.632202,0.842849,2330.173828
1248,-7.531156,146.632202,0.880829,2377.666016
1249,-7.614489,146.632202,0.799531,2417.117188
1250,-7.697823,146.632202,0.862777,2440.845703
1251,-7.781156,146.715535,0.90816,2456.325439
1252,-7.697823,146.715535,0.886086,2455.780029
1253,-7.614489,146.715535,0.86808,2443.485596
1254,-7.531156,146.715535,0.873674,2401.433594
1255,-7.447823,146.715535,0.839697,2344.476074
1256,-7.364489,146.715535,0.822903,2273.938232
1257,-7.281156,146.715535,0.861777,2212.408691
1258,-7.197823,146.715535,0.872094,2224.871582
1259,-7.114489,146.715535,0.860529,2316.742432
1260,-7.031156,146.715535,0.803166,2423.817383
1261,-6.947823,146.715535,0.729574,2526.158447
1262,-6.864489,146.715535,0.824449,2602.326904
1263,-6.781156,146.715535,0.88364,2647.875977
1264,-6.697823,146.715535,0.88132,2644.358643
1265,-6.614489,146.715535,0.73904,2601.997559
1266,-6.531156,146.715535,0.70936,2566.574951
1267,-6.447823,146.715535,0.746494,2504.918213
1268,-6.364489,146.715535,0.878714,2424.421875
1269,-6.281156,146.715535,0.893669,2375.083008
1270,-6.197823,146.715535,0.863191,2386.622314
1271,-6.114489,146.715535,0.714274,2460.559326
1272,-6.031156,146.715535,0.82256,2545.951904
1273,-5.947823,146.715535,0.853283,2619.979248
1274,-5.864489,146.715535,0.870626,2678.684326
1275,-5.864489,146.798868,0.878129,2720.14917
1276,-5.947823,146.798868,0.856571,2694.178955
1277,-6.031156,146.798868,0.841514,2628.157959
1278,-6.114489,146.798868,0.80382,2522.661133
1279,-6.197823,146.798868,0.839211,2407.875732
1280,-6.281156,146.798868,0.846826,2390.177246
1281,-6.364489,146.798868,0.875311,2480.911377
1282,-6.447823,146.798868,0.906217,2586.097168
1283,-6.531156,146.798868,0.828783,2626.059814
1284,-6.614489,146.798868,0.726911,2665.223389
1285,-6.697823,146.798868,0.89718,2662.846924
1286,-6.781156,146.798868,0.868531,2658.608154
1287,-6.864489,146.798868,0.851631,2648.843262
1288,-6.947823,146.798868,0.853486,2597.389648
1289,-7.031156,146.798868,0.887306,2496.203613
1290,-7.114489,146.798868,0.875894,2365.001709
1291,-7.197823,146.798868,0.864403,2247.075195
1292,-7.281156,146.798868,0.890389,2229.15332
1293,-7.364489,146.798868,0.833086,2302.625488
1294,-7.447823,146.798868,0.833943,2382.230713
1295,-7.531156,146.798868,0.857377,2435.307861
1296,-7.614489,146.798868,0.871203,2456.900391
1297,-7.697823,146.798868,0.869886,2459.514404
1298,-7.781156,146.798868,0.863657,2458.848633
1299,-7.864489,146.798868,0.834289,2468.735596
1300,-7.947823,146.798868,0.864609,2482.969727
1301,-7.947823,146.882202,0.828109,2506.381836
1302,-7.864489,146.882202,0.8201,2492.35376
1303,-7.781156,146.882202,0.811609,2481.159668
1304,-7.697823,146.882202,0.834231,2481.592285
1305,-7.614489,146.882202,0.870251,2482.04126
1306,-7.531156,146.882202,0.803543,2468.035889
1307,-7.447823,146.882202,0.793083,2432.672119
1308,-7.364489,146.882202,0.886846,2382.04248
1309,-7.281156,146.882202,0.87608,2350.937744
1310,-7.197823,146.882202,0.855829,2376.223389
1311,-7.114489,146.882202,0.855374,2462.921875
1312,-7.031156,146.882202,0.872886,2580.60791
1313,-6.947823,146.882202,0.874003,2678.587158
1314,-6.864489,146.882202,0.890726,2725.575928
1315,-6.781156,146.882202,0.851491,2741.469482
1316,-6.697823,146.882202,0.89434,2752.224121
1317,-6.614489,146.882202,0.887206,2752.20874
1318,-6.531156,146.882202,0.861971,2760.55835
1319,-6.447823,146.882202,0.902294,2686.836182
1320,-6.364489,146.882202,0.857657,2593.626709
1321,-6.281156,146.882202,0.868989,2522.077881
1322,-6.197823,146.882202,0.81948,2543.968262
1323,-6.114489,146.882202,0.822246,2613.032471
1324,-6.031156,146.882202,0.854089,2687.47583
1325,-5.947823,146.882202,0.840111,2736.512939
1326,-5.864489,146.882202,0.770409,2755.99292
1327,-5.947823,146.965535,0.892429,2798.414063
1328,-6.031156,146.965535,0.857294,2762.536621
1329,-6.114489,146.965535,0.811857,2721.477783
1330,-6.197823,146.965535,0.686471,2690.054932
1331,-6.281156,146.965535,0.83396,2700.394531
1332,-6.364489,146.965535,0.847314,2728.557861
1333,-6.447823,146.965535,0.889069,2810.256104
1334,-6.531156,146.965535,0.890909,2901.038574
1335,-6.614489,146.965535,0.891314,2970.671875
1336,-6.697823,146.965535,0.876963,2979.08252
1337,-7.031156,146.965535,0.87464,2696.606445
1338,-7.114489,146.965535,0.869429,2599.341797
1339,-7.197823,146.965535,0.856886,2517.914795
1340,-7.281156,146.965535,0.888923,2484.492188
1341,-7.364489,146.965535,0.868217,2488.30249
1342,-7.447823,146.965535,0.842834,2507.448975
1343,-7.531156,146.965535,0.879657,2513.009521
1344,-7.614489,146.965535,0.855169,2524.218018
1345,-7.697823,146.965535,0.899814,2528.803467
1346,-7.781156,146.965535,0.865534,2531.511475
1347,-7.864489,146.965535,0.811763,2537.493164
1348,-7.947823,146.965535,0.775374,2541.864502
1349,-7.947823,147.048868,0.828114,2587.671387
1350,-7.864489,147.048868,0.856149,2591.11499
1351,-7.781156,147.048868,0.881677,2593.197021
1352,-7.697823,147.048868,0.867186,2589.395996
1353,-7.614489,147.048868,0.852223,2577.863037
1354,-7.531156,147.048868,0.820657,2570.42627
1355,-7.447823,147.048868,0.844757,2557.95874
1356,-7.364489,147.048868,0.844749,2552.063232
1357,-7.281156,147.048868,0.868789,2561.317383
1358,-7.197823,147.048868,0.86718,2599.60083
1359,-7.114489,147.048868,0.875606,2687.928223
1360,-6.697823,147.048868,0.865806,3356.873535
1361,-6.614489,147.048868,0.903843,3238.995361
1362,-6.531156,147.048868,0.903,3074.844727
1363,-6.447823,147.048868,0.908943,2930.350586
1364,-6.364489,147.048868,0.858811,2859.064453
1365,-6.281156,147.048868,0.765351,2805.267822
1366,-6.197823,147.048868,0.73692,2814.317871
1367,-6.114489,147.048868,0.864971,2825.748047
1368,-6.031156,147.048868,0.923029,2853.859619
1369,-5.947823,147.048868,0.862551,2886.484619
1370,-5.364489,147.048868,0.885683,3068.036621
1371,-5.281156,147.048868,0.850143,3107.936768
1372,-5.281156,147.132202,0.86422,3187.437256
1373,-5.364489,147.132202,0.882657,3157.172119
1374,-6.031156,147.132202,0.862854,2900.351318
1375,-6.114489,147.132202,0.8831,2856.834229
1376,-6.197823,147.132202,0.796263,2823.620117
1377,-6.281156,147.132202,0.623811,2816.522217
1378,-6.364489,147.132202,0.729171,2892.816406
1379,-6.447823,147.132202,0.849869,3050.581055
1380,-6.531156,147.132202,0.890514,3251.854248
1381,-6.614489,147.132202,0.917857,3565.840576
1382,-6.697823,147.132202,0.875131,3868.547363
1383,-7.364489,147.132202,0.818537,2570.483398
1384,-7.447823,147.132202,0.8173,2587.659668
1385,-7.531156,147.132202,0.82316,2605.525146
1386,-7.614489,147.132202,0.86178,2624.075928
1387,-7.697823,147.132202,0.861194,2637.308105
1388,-7.781156,147.132202,0.87922,2640.658203
1389,-7.864489,147.132202,0.878811,2631.947998
1390,-7.947823,147.132202,0.87538,2621.379395
1391,-7.947823,147.215535,0.86302,2643.587402
1392,-7.864489,147.215535,0.865297,2652.94458
1393,-7.781156,147.215535,0.891229,2661.104004
1394,-7.697823,147.215535,0.614123,2660.453857
1395,-7.614489,147.215535,0.858994,2647.571045
1396,-7.531156,147.215535,0.874346,2628.765625
1397,-6.697823,147.215535,0.895343,4280.119629
1398,-6.614489,147.215535,0.871386,3832.327881
1399,-6.531156,147.215535,0.883051,3399.998291
1400,-6.447823,147.215535,0.864671,3088.860596
1401,-6.364489,147.215535,0.736729,2877.923096
1402,-6.281156,147.215535,0.83434,2765.353271
1403,-6.197823,147.215535,0.846171,2777.137207
1404,-6.114489,147.215535,0.850789,2858.094727
1405,-6.031156,147.215535,0.890429,2931.304688
1406,-5.947823,147.298868,0.874351,3017.0354
1407,-6.031156,147.298868,0.869714,2970.247803
1408,-6.114489,147.298868,0.879994,2890.121582
1409,-6.197823,147.298868,0.883837,2795.936768
1410,-6.281156,147.298868,0.825109,2783.113037
1411,-6.364489,147.298868,0.854371,2907.388916
1412,-6.447823,147.298868,0.883794,3123.933838
1413,-6.531156,147.298868,0.872709,3426.13623
1414,-6.614489,147.298868,0.902911,3833.362305
1415,-6.697823,147.298868,0.880846,4248.084473
1416,-7.531156,147.298868,0.852491,2662.325928
1417,-7.614489,147.298868,0.85114,2668.784424
1418,-7.697823,147.298868,0.84916,2666.283203
1419,-7.781156,147.298868,0.843403,2664.880127
1420,-7.864489,147.298868,0.905966,2661.711426
1421,-7.947823,147.298868,0.861389,2659.438477
1422,-7.947823,147.382202,0.902814,2696.533691
1423,-7.864489,147.382202,0.835583,2689.677734
1424,-7.781156,147.382202,0.855229,2683.290527
1425,-7.697823,147.382202,0.877983,2685.235352
1426,-7.614489,147.382202,0.873771,2690.819336
1427,-6.697823,147.382202,0.889709,3887.183105
1428,-6.614489,147.382202,0.88046,3639.690918
1429,-6.531156,147.382202,0.8662,3379.856445
1430,-6.447823,147.382202,0.899371,3170.450439
1431,-6.364489,147.382202,0.85338,3030.160889
1432,-6.281156,147.382202,0.815437,2929.814941
1433,-6.197823,147.382202,0.783657,2925.774414
1434,-6.114489,147.382202,0.842474,2980.01709
1435,-6.031156,147.382202,0.876766,3032.420654
1436,-6.031156,147.465535,0.879857,3118.427734
1437,-6.114489,147.465535,0.856311,3107.095215
1438,-6.197823,147.465535,0.858774,3099.479736
1439,-6.281156,147.465535,0.825051,3115.035645
1440,-6.364489,147.465535,0.892094,3160.583008
1441,-6.447823,147.465535,0.91446,3235.047607
1442,-6.531156,147.465535,0.902929,3315.63208
1443,-6.614489,147.465535,0.881731,3438.9021
1444,-6.697823,147.465535,0.898903,3526.57251
1445,-7.614489,147.465535,0.868789,2730.837402
1446,-7.697823,147.465535,0.866266,2730.604004
1447,-7.781156,147.465535,0.867429,2729.659424
1448,-7.864489,147.465535,0.882609,2730.755371
1449,-7.947823,147.465535,0.885151,2730.651611
1450,-7.947823,147.548868,0.864286,2772.866699
1451,-7.864489,147.548868,0.861489,2786.042969
1452,-7.781156,147.548868,0.880514,2794.918701
1453,-6.697823,147.548868,0.89258,3278.828613
1454,-6.614489,147.548868,0.895529,3286.45166
1455,-6.531156,147.548868,0.90276,3280.122803
1456,-6.447823,147.548868,0.910323,3278.161621
1457,-6.364489,147.548868,0.89676,3285.619141
1458,-6.281156,147.548868,0.847234,3297.36377
1459,-6.197823,147.548868,0.849969,3282.471924
1460,-6.114489,147.548868,0.867666,3246.840576
1461,-6.197823,147.632202,0.841254,3465.067139
1462,-6.281156,147.632202,0.873566,3479.468018
1463,-6.364489,147.632202,0.867349,3407.662109
1464,-6.447823,147.632202,0.906029,3322.574219
1465,-6.531156,147.632202,0.868697,3247.888916
1466,-6.614489,147.632202,0.873826,3182.124023
1467,-6.697823,147.632202,0.898097,3120.991211
1468,-7.781156,147.632202,0.87982,2854.710938
1469,-7.864489,147.632202,0.854414,2836.435791
1470,-7.947823,147.632202,0.871726,2811.363281
1471,-7.947823,147.715535,0.897714,2836.506836
1472,-6.697823,147.715535,0.888014,3039.736572
1473,-6.614489,147.715535,0.878791,3120.883789
1474,-6.531156,147.715535,0.911263,3229.005615
1475,-6.447823,147.715535,0.869086,3357.958008
1476,-6.364489,147.715535,0.891917,3498.817383
1477,-6.281156,147.715535,0.906489,3610.439209
1478,-5.531156,147.798868,0.882946,3283.029297
1479,-5.614489,147.798868,0.881937,3337.033691
1480,-6.364489,147.798868,0.907609,3500.994141
1481,-6.447823,147.798868,0.879714,3368.908447
1482,-6.531156,147.798868,0.886857,3221.965088
1483,-6.614489,147.798868,0.897831,3111.268066
1484,-7.947823,147.798868,0.88756,2845.23877
1485,-5.697823,147.882202,0.868551,3349.836182
1486,-5.614489,147.882202,0.876083,3317.658203
1487,-5.531156,147.882202,0.906429,3277.548584
1488,-5.614489,147.965535,0.879889,3297.002197
1489,-5.697823,147.965535,0.901569,3316.04541
1490,-5.781156,147.965535,0.866466,3323.387939
1491,-5.697823,148.048868,0.836969,3288.50415
1492,-5.614489,148.048868,0.865583,3274.260986
